datetime,open,high,low,close,hlc3,ST_First_Period_Value,ST_First_Period_Direction,ST_Second_Period_Value,ST_Second_Period_Direction,EMA9,EMA21,RSI,SmoothedRSI
2024-09-12 09:15:00+05:30,25059.65,25072.55,25010.1,25057.05,25046.57,0.0,1,0.0,1,,,,
2024-09-12 09:30:00+05:30,25057.05,25070.7,25008.45,25045.75,25041.63,,1,,1,,,,
2024-09-12 09:45:00+05:30,25045.4,25056.25,24981.9,24992.4,25010.18,,1,,1,,,,
2024-09-12 10:00:00+05:30,24995.85,25041.85,24984.1,25017.2,25014.38,,1,,1,,,,
2024-09-12 10:15:00+05:30,25019.05,25029.35,24999.6,25015.55,25014.83,,1,,1,,,,
2024-09-12 10:30:00+05:30,25015.6,25031.15,24982.85,24996.8,25003.6,,1,,1,,,,
2024-09-12 10:45:00+05:30,24997.7,25018.85,24979.6,25010.7,25003.05,,1,,1,,,,
2024-09-12 11:00:00+05:30,25009.6,25025.95,24993.0,25008.3,25009.08,,1,,1,,,,
2024-09-12 11:15:00+05:30,25007.95,25036.8,24941.45,24961.55,24979.93,,1,,1,25013.69,,,
2024-09-12 11:30:00+05:30,24963.3,25021.1,24955.15,25013.55,24996.6,,1,,1,25010.28,,,
2024-09-12 11:45:00+05:30,25010.1,25019.15,24981.05,25002.65,25000.95,24918.91,1,24864.78,1,25008.41,,,
2024-09-12 12:00:00+05:30,25000.55,25014.65,24982.75,25011.2,25002.87,24922.37,1,24871.48,1,25007.3,,,
2024-09-12 12:15:00+05:30,25010.3,25014.95,24963.75,24988.3,24989.0,24922.37,1,24871.48,1,25003.64,,,
2024-09-12 12:30:00+05:30,24988.9,25009.8,24967.3,25003.7,24993.6,24922.37,1,24871.48,1,25001.63,,,
2024-09-12 12:45:00+05:30,25002.65,25003.55,24969.95,25000.35,24991.28,24922.37,1,24871.48,1,24999.56,,43.27,43.27
2024-09-12 13:00:00+05:30,25000.25,25019.7,24981.3,24996.35,24999.12,24930.68,1,24884.14,1,24999.47,,42.23,43.13
2024-09-12 13:15:00+05:30,24994.15,25016.0,24981.45,24996.15,24997.87,24931.12,1,24886.04,1,24999.15,,42.18,43.0
2024-09-12 13:30:00+05:30,24996.15,25004.0,24977.1,24995.05,24992.05,24931.12,1,24886.04,1,24997.73,,41.86,42.85
2024-09-12 13:45:00+05:30,24995.4,25023.8,24990.9,25011.4,25008.7,24944.78,1,24903.06,1,24999.93,,48.16,43.56
2024-09-12 14:00:00+05:30,25010.8,25230.2,25008.6,25204.7,25147.83,25025.63,1,24963.11,1,25029.51,,78.22,48.18
2024-09-12 14:15:00+05:30,25204.55,25263.65,25203.8,25251.8,25239.75,25140.41,1,25078.2,1,25071.56,25022.99,81.1,52.57
2024-09-12 14:30:00+05:30,25252.6,25269.45,25244.55,25258.3,25257.43,25169.97,1,25111.95,1,25108.73,25044.31,81.46,56.42
2024-09-12 14:45:00+05:30,25259.25,25350.45,25256.8,25348.0,25318.42,25210.66,1,25148.69,1,25150.67,25069.23,85.59,60.31
2024-09-12 15:00:00+05:30,25347.85,25433.35,25347.85,25414.95,25398.72,25293.77,1,25229.21,1,25200.28,25099.18,87.77,63.97
2024-09-12 15:15:00+05:30,25416.7,25417.25,25310.25,25314.95,25347.48,25293.77,1,25229.21,1,25229.72,25121.75,70.56,64.85
2024-09-13 09:15:00+05:30,25430.45,25430.5,25312.3,25315.9,25352.9,25293.77,1,25229.21,1,25254.36,25142.77,70.62,65.62
2024-09-13 09:30:00+05:30,25314.95,25371.75,25292.45,25339.75,25334.65,25293.77,1,25229.21,1,25270.41,25160.21,72.13,66.49
2024-09-13 09:45:00+05:30,25341.45,25354.5,25321.75,25326.55,25334.27,25293.77,1,25229.21,1,25283.19,25176.03,69.98,66.95
2024-09-13 10:00:00+05:30,25327.2,25352.1,25325.0,25326.0,25334.37,25293.77,1,25229.21,1,25293.42,25190.43,69.89,67.35
2024-09-13 10:15:00+05:30,25327.0,25352.65,25325.3,25352.55,25343.5,25293.77,1,25229.21,1,25303.44,25204.34,71.84,67.94
2024-09-13 10:30:00+05:30,25354.0,25377.85,25349.5,25359.05,25362.13,25293.77,1,25229.21,1,25315.18,25218.69,72.31,68.53
2024-09-13 10:45:00+05:30,25359.25,25370.55,25353.45,25368.0,25364.0,25293.77,1,25229.21,1,25324.94,25231.9,72.98,69.12
2024-09-13 11:00:00+05:30,25369.0,25393.8,25360.45,25382.35,25378.87,25299.24,1,25247.31,1,25335.73,25245.26,74.07,69.78
2024-09-13 11:15:00+05:30,25381.9,25384.6,25359.15,25363.8,25369.18,25299.24,1,25248.89,1,25342.42,25256.52,70.14,69.83
2024-09-13 11:30:00+05:30,25363.4,25377.45,25355.25,25364.2,25365.63,25299.24,1,25250.31,1,25347.06,25266.44,70.18,69.88
2024-09-13 11:45:00+05:30,25364.55,25371.0,25360.25,25368.25,25366.5,25301.49,1,25258.73,1,25350.95,25275.54,70.57,69.97
2024-09-13 12:00:00+05:30,25368.5,25379.0,25359.15,25376.55,25371.57,25308.45,1,25268.04,1,25355.07,25284.27,71.41,70.16
2024-09-13 12:15:00+05:30,25375.75,25387.5,25368.45,25385.45,25380.47,25320.62,1,25282.39,1,25360.15,25293.01,72.32,70.45
2024-09-13 12:30:00+05:30,25385.15,25389.3,25377.1,25379.8,25382.07,25329.83,1,25294.24,1,25364.54,25301.11,70.78,70.49
2024-09-13 12:45:00+05:30,25378.95,25390.65,25370.6,25383.6,25381.62,25329.83,1,25295.62,1,25367.95,25308.43,71.22,70.59
2024-09-13 13:00:00+05:30,25384.1,25387.4,25375.85,25385.15,25382.8,25334.04,1,25302.31,1,25370.92,25315.19,71.41,70.7
2024-09-13 13:15:00+05:30,25384.55,25386.2,25350.75,25353.45,25363.47,25334.04,1,25302.31,1,25369.43,25319.58,62.34,69.58
2024-09-13 13:30:00+05:30,25354.0,25367.75,25346.6,25364.8,25359.72,25334.04,1,25302.31,1,25367.49,25323.23,64.1,68.85
2024-09-13 13:45:00+05:30,25364.7,25376.75,25357.0,25375.2,25369.65,25334.04,1,25302.31,1,25367.92,25327.45,65.68,68.43
2024-09-13 14:00:00+05:30,25375.95,25392.05,25362.0,25385.5,25379.85,25334.04,1,25302.33,1,25370.31,25332.21,67.22,68.27
2024-09-13 14:15:00+05:30,25385.15,25388.8,25368.8,25370.1,25375.9,25335.48,1,25306.6,1,25371.43,25336.18,62.69,67.52
2024-09-13 14:30:00+05:30,25370.25,25386.25,25355.55,25365.45,25369.08,25335.48,1,25306.6,1,25370.96,25339.17,61.34,66.7
2024-09-13 14:45:00+05:30,25365.6,25383.1,25350.8,25366.95,25366.95,25335.48,1,25306.6,1,25370.16,25341.7,61.63,66.02
2024-09-13 15:00:00+05:30,25365.35,25368.25,25331.8,25354.45,25351.5,25335.48,1,25306.6,1,25366.42,25342.59,57.79,64.93
2024-09-13 15:15:00+05:30,25354.45,25366.8,25340.9,25343.55,25350.42,25335.48,1,25306.6,1,25363.22,25343.3,54.6,63.55
2024-09-16 09:15:00+05:30,25406.65,25411.6,25366.0,25397.35,25391.65,25338.5,1,25306.6,1,25368.91,25347.7,64.9,63.73
2024-09-16 09:30:00+05:30,25396.75,25435.75,25396.75,25434.85,25422.45,25365.12,1,25331.04,1,25379.62,25354.49,70.01,64.57
2024-09-16 09:45:00+05:30,25434.9,25445.7,25410.95,25417.2,25424.62,25377.1,1,25342.95,1,25388.62,25360.87,65.2,64.65
2024-09-16 10:00:00+05:30,25417.8,25429.85,25409.2,25409.35,25416.13,25377.1,1,25342.95,1,25394.12,25365.89,63.13,64.45
2024-09-16 10:15:00+05:30,25410.0,25420.05,25399.85,25408.2,25409.37,25377.1,1,25342.95,1,25397.17,25369.84,62.81,64.23
2024-09-16 10:30:00+05:30,25407.9,25415.8,25389.75,25401.45,25402.33,25377.1,1,25342.95,1,25398.2,25372.8,60.88,63.78
2024-09-16 10:45:00+05:30,25401.15,25411.95,25388.65,25391.5,25397.37,25377.1,1,25342.95,1,25398.04,25375.03,58.06,63.02
2024-09-16 11:00:00+05:30,25391.4,25395.5,25365.8,25384.15,25381.82,25377.1,1,25342.95,1,25394.79,25375.65,55.99,62.08
2024-09-16 11:15:00+05:30,25385.0,25396.6,25376.5,25380.95,25384.68,25377.1,1,25342.95,1,25392.77,25376.47,55.08,61.15
2024-09-16 11:30:00+05:30,25382.0,25382.3,25358.15,25366.35,25368.93,25413.2,-1,25342.95,1,25388.0,25375.78,50.97,59.79
2024-09-16 11:45:00+05:30,25366.25,25378.8,25351.95,25356.9,25362.55,25408.08,-1,25342.95,1,25382.91,25374.58,48.45,58.28
2024-09-16 12:00:00+05:30,25356.9,25366.6,25345.6,25353.25,25355.15,25397.68,-1,25342.95,1,25377.36,25372.81,47.47,56.84
2024-09-16 12:15:00+05:30,25353.15,25366.1,25336.2,25363.75,25355.35,25393.06,-1,25342.95,1,25372.96,25371.23,50.56,56.0
2024-09-16 12:30:00+05:30,25363.55,25376.65,25353.9,25374.05,25368.2,25393.06,-1,25342.95,1,25372.01,25370.95,53.45,55.66
2024-09-16 12:45:00+05:30,25374.1,25381.6,25365.75,25369.3,25372.22,25393.06,-1,25342.95,1,25372.05,25371.07,51.94,55.16
2024-09-16 13:00:00+05:30,25369.45,25379.9,25365.65,25374.5,25373.35,25393.06,-1,25342.95,1,25372.31,25371.27,53.49,54.94
2024-09-16 13:15:00+05:30,25374.6,25400.5,25372.35,25397.95,25390.27,25348.37,1,25342.95,1,25375.9,25373.0,59.77,55.59
2024-09-16 13:30:00+05:30,25399.1,25413.0,25392.85,25411.95,25405.93,25365.66,1,25342.95,1,25381.91,25376.0,62.99,56.57
2024-09-16 13:45:00+05:30,25412.9,25422.4,25403.05,25404.95,25410.13,25376.28,1,25351.98,1,25387.55,25379.1,60.39,57.08
2024-09-16 14:00:00+05:30,25404.65,25410.7,25392.85,25405.1,25402.88,25376.28,1,25351.98,1,25390.62,25381.26,60.43,57.53
2024-09-16 14:15:00+05:30,25405.35,25406.85,25379.3,25395.1,25393.75,25376.28,1,25351.98,1,25391.24,25382.4,56.56,57.4
2024-09-16 14:30:00+05:30,25394.8,25405.1,25387.95,25389.7,25394.25,25376.28,1,25351.98,1,25391.85,25383.47,54.53,57.02
2024-09-16 14:45:00+05:30,25388.8,25397.9,25386.85,25391.45,25392.07,25376.28,1,25351.98,1,25391.89,25384.25,55.1,56.76
2024-09-16 15:00:00+05:30,25389.75,25397.7,25384.95,25386.4,25389.68,25376.28,1,25351.98,1,25391.45,25384.75,53.06,56.27
2024-09-16 15:15:00+05:30,25386.45,25390.3,25375.5,25377.2,25381.0,25376.28,1,25351.98,1,25389.36,25384.41,49.47,55.36
2024-09-17 09:15:00+05:30,25416.9,25416.9,25356.85,25378.9,25384.22,25376.28,1,25351.98,1,25388.33,25384.39,50.14,54.67
2024-09-17 09:30:00+05:30,25378.4,25401.6,25372.85,25389.95,25388.13,25376.28,1,25351.98,1,25388.29,25384.73,54.38,54.63
2024-09-17 09:45:00+05:30,25390.25,25397.25,25352.25,25363.9,25371.13,25415.15,-1,25351.98,1,25384.86,25383.49,44.72,53.31
2024-09-17 10:00:00+05:30,25364.15,25384.35,25355.5,25373.9,25371.25,25410.61,-1,25351.98,1,25382.14,25382.38,48.5,52.67
2024-09-17 10:15:00+05:30,25374.8,25383.9,25368.1,25381.2,25377.73,25410.61,-1,25351.98,1,25381.26,25381.96,51.13,52.46
2024-09-17 10:30:00+05:30,25381.05,25409.5,25376.5,25402.85,25396.28,25410.61,-1,25351.98,1,25384.26,25383.26,57.98,53.2
2024-09-17 10:45:00+05:30,25401.95,25414.7,25390.6,25409.35,25404.88,25410.61,-1,25351.98,1,25388.38,25385.23,59.8,54.08
2024-09-17 11:00:00+05:30,25408.85,25415.85,25392.35,25401.4,25403.2,25410.61,-1,25351.98,1,25391.35,25386.86,56.57,54.41
2024-09-17 11:15:00+05:30,25405.7,25432.7,25399.2,25418.05,25416.65,25375.64,1,25351.98,1,25396.41,25389.57,61.29,55.33
2024-09-17 11:30:00+05:30,25417.65,25420.35,25404.85,25407.45,25410.88,25375.64,1,25351.98,1,25399.3,25391.51,57.04,55.56
2024-09-17 11:45:00+05:30,25407.0,25422.1,25405.6,25421.9,25416.53,25376.63,1,25351.98,1,25402.75,25393.78,61.01,56.28
2024-09-17 12:00:00+05:30,25421.75,25423.6,25409.95,25412.55,25415.37,25381.23,1,25357.53,1,25405.27,25395.74,57.32,56.42
2024-09-17 12:15:00+05:30,25411.85,25419.45,25404.05,25417.35,25413.62,25381.23,1,25357.53,1,25406.94,25397.37,58.7,56.72
2024-09-17 12:30:00+05:30,25416.4,25428.9,25416.05,25427.1,25424.02,25389.68,1,25367.81,1,25410.36,25399.79,61.43,57.35
2024-09-17 12:45:00+05:30,25426.8,25436.85,25422.4,25426.4,25428.55,25397.94,1,25376.82,1,25414.0,25402.41,61.12,57.85
2024-09-17 13:00:00+05:30,25426.35,25431.35,25421.1,25425.7,25426.05,25397.94,1,25376.82,1,25416.41,25404.55,60.78,58.24
2024-09-17 13:15:00+05:30,25424.8,25429.3,25412.6,25422.9,25421.6,25397.94,1,25376.82,1,25417.45,25406.1,59.39,58.4
2024-09-17 13:30:00+05:30,25423.5,25437.95,25420.1,25436.95,25431.67,25399.75,1,25380.23,1,25420.29,25408.43,63.87,59.13
2024-09-17 13:45:00+05:30,25435.95,25441.65,25424.35,25426.05,25430.68,25404.06,1,25384.76,1,25422.37,25410.45,58.48,59.04
2024-09-17 14:00:00+05:30,25425.7,25434.15,25422.0,25426.2,25427.45,25404.06,1,25384.76,1,25423.38,25412.0,58.53,58.97
2024-09-17 14:15:00+05:30,25425.3,25438.35,25423.6,25428.7,25430.22,25404.06,1,25385.48,1,25424.75,25413.65,59.44,59.03
2024-09-17 14:30:00+05:30,25428.35,25433.85,25410.9,25422.6,25422.45,25404.06,1,25385.48,1,25424.29,25414.45,56.21,58.66
2024-09-17 14:45:00+05:30,25422.75,25429.7,25408.45,25417.05,25418.4,25404.06,1,25385.48,1,25423.11,25414.81,53.36,57.95
2024-09-17 15:00:00+05:30,25417.25,25429.2,25410.8,25418.45,25419.48,25404.06,1,25385.48,1,25422.39,25415.24,53.99,57.42
2024-09-17 15:15:00+05:30,25418.8,25421.55,25404.8,25407.15,25411.17,25404.06,1,25385.48,1,25420.14,25414.87,48.3,56.21
2024-09-18 09:15:00+05:30,25402.4,25418.15,25380.8,25404.0,25400.98,25430.28,-1,25385.48,1,25416.31,25413.6,46.82,54.96
2024-09-18 09:30:00+05:30,25404.7,25434.05,25394.0,25433.7,25420.58,25380.3,1,25385.48,1,25417.16,25414.24,59.45,55.55
2024-09-18 09:45:00+05:30,25434.4,25443.1,25419.9,25431.75,25431.58,25397.66,1,25385.48,1,25420.05,25415.81,58.47,55.94
2024-09-18 10:00:00+05:30,25430.85,25436.45,25408.7,25413.9,25419.68,25397.66,1,25385.48,1,25419.97,25416.17,50.28,55.19
2024-09-18 10:15:00+05:30,25413.8,25426.65,25408.1,25424.2,25419.65,25397.66,1,25385.48,1,25419.91,25416.48,54.26,55.06
2024-09-18 10:30:00+05:30,25424.0,25469.65,25417.15,25466.5,25451.1,25404.98,1,25385.48,1,25426.15,25419.63,66.22,56.55
2024-09-18 10:45:00+05:30,25467.45,25478.6,25449.1,25463.55,25463.75,25424.85,1,25398.85,1,25433.67,25423.64,64.95,57.67
2024-09-18 11:00:00+05:30,25464.2,25465.1,25447.95,25461.25,25458.1,25424.85,1,25398.85,1,25438.55,25426.77,63.91,58.5
2024-09-18 11:15:00+05:30,25460.35,25468.45,25447.35,25457.1,25457.63,25424.85,1,25398.85,1,25442.37,25429.58,62.0,58.97
2024-09-18 11:30:00+05:30,25457.7,25470.95,25457.4,25462.1,25463.48,25428.73,1,25405.11,1,25446.59,25432.66,63.42,59.56
2024-09-18 11:45:00+05:30,25460.05,25472.5,25454.8,25463.0,25463.43,25429.1,1,25406.06,1,25449.96,25435.46,63.68,60.11
2024-09-18 12:00:00+05:30,25463.5,25469.85,25452.7,25462.7,25461.75,25429.1,1,25406.06,1,25452.32,25437.85,63.52,60.57
2024-09-18 12:15:00+05:30,25461.55,25481.6,25459.45,25474.35,25471.8,25436.9,1,25414.48,1,25456.21,25440.93,67.07,61.43
2024-09-18 12:30:00+05:30,25475.0,25481.8,25468.7,25476.3,25475.6,25443.02,1,25421.54,1,25460.09,25444.09,67.64,62.26
2024-09-18 12:45:00+05:30,25475.6,25482.2,25427.05,25427.05,25445.43,25491.9,-1,25421.54,1,25457.16,25444.21,46.03,60.1
2024-09-18 13:00:00+05:30,25428.35,25438.0,25372.5,25374.4,25394.97,25448.62,-1,25477.54,-1,25444.72,25439.73,33.65,56.57
2024-09-18 13:15:00+05:30,25374.15,25384.8,25360.25,25362.0,25369.02,25415.24,-1,25443.72,-1,25429.58,25433.3,31.5,53.23
2024-09-18 13:30:00+05:30,25362.35,25365.0,25285.55,25331.4,25327.32,25375.64,-1,25409.22,-1,25409.13,25423.67,26.93,49.72
2024-09-18 13:45:00+05:30,25331.6,25385.25,25321.9,25361.75,25356.3,25375.64,-1,25409.22,-1,25398.56,25417.54,36.74,47.99
2024-09-18 14:00:00+05:30,25362.05,25362.95,25327.7,25343.05,25344.57,25375.64,-1,25409.22,-1,25387.76,25410.91,33.73,46.09
2024-09-18 14:15:00+05:30,25343.3,25372.2,25329.0,25343.15,25348.12,25375.64,-1,25409.22,-1,25379.84,25405.2,33.76,44.45
2024-09-18 14:30:00+05:30,25342.95,25361.25,25330.75,25336.4,25342.8,25375.64,-1,25409.22,-1,25372.43,25399.53,32.65,42.87
2024-09-18 14:45:00+05:30,25335.25,25370.55,25335.25,25366.25,25357.35,25375.64,-1,25409.22,-1,25369.41,25395.69,41.81,42.73
2024-09-18 15:00:00+05:30,25364.7,25409.1,25364.05,25382.35,25385.17,25330.78,1,25409.22,-1,25372.56,25394.74,46.08,43.18
2024-09-18 15:15:00+05:30,25381.75,25392.7,25342.35,25343.45,25359.5,25330.78,1,25409.22,-1,25369.95,25391.53,38.7,42.58
2024-09-19 09:15:00+05:30,25487.05,25587.1,25481.7,25565.75,25544.85,25445.86,1,25386.83,1,25404.93,25405.47,69.12,46.12
2024-09-19 09:30:00+05:30,25564.55,25605.8,25553.95,25604.95,25588.23,25492.41,1,25434.1,1,25441.59,25422.09,71.78,49.54
2024-09-19 09:45:00+05:30,25604.8,25611.95,25524.5,25525.3,25553.92,25492.41,1,25434.1,1,25464.06,25434.07,60.4,50.99
2024-09-19 10:00:00+05:30,25526.25,25552.25,25499.6,25513.05,25521.63,25492.41,1,25434.1,1,25475.57,25442.03,58.85,52.04
2024-09-19 10:15:00+05:30,25513.0,25530.05,25503.8,25512.55,25515.47,25492.41,1,25434.1,1,25483.55,25448.71,58.79,52.94
2024-09-19 10:30:00+05:30,25512.5,25529.7,25487.65,25497.75,25505.03,25492.41,1,25434.1,1,25487.85,25453.83,56.75,53.45
2024-09-19 10:45:00+05:30,25498.1,25530.2,25477.55,25511.85,25506.53,25492.41,1,25434.1,1,25491.58,25458.62,58.24,54.08
2024-09-19 11:00:00+05:30,25512.1,25520.4,25498.9,25505.8,25508.37,25492.41,1,25434.1,1,25494.94,25463.14,57.33,54.52
2024-09-19 11:15:00+05:30,25506.0,25509.95,25435.05,25440.05,25461.68,25553.68,-1,25434.1,1,25488.29,25463.01,48.48,53.71
2024-09-19 11:30:00+05:30,25439.45,25458.45,25402.1,25423.7,25428.08,25511.79,-1,25566.14,-1,25476.25,25459.83,46.56,52.76
2024-09-19 11:45:00+05:30,25423.65,25445.65,25390.55,25392.85,25409.68,25499.73,-1,25554.15,-1,25462.93,25455.27,43.09,51.47
2024-09-19 12:00:00+05:30,25392.3,25464.95,25390.2,25442.6,25432.58,25499.73,-1,25554.15,-1,25456.86,25453.21,49.61,51.22
2024-09-19 12:15:00+05:30,25442.2,25460.55,25429.6,25432.2,25440.78,25499.73,-1,25554.15,-1,25453.65,25452.08,48.37,50.84
2024-09-19 12:30:00+05:30,25431.8,25467.5,25431.8,25458.25,25452.52,25499.73,-1,25554.15,-1,25453.42,25452.12,51.65,50.95
2024-09-19 12:45:00+05:30,25458.4,25467.65,25419.0,25423.05,25436.57,25499.73,-1,25554.15,-1,25450.05,25450.71,47.27,50.46
2024-09-19 13:00:00+05:30,25422.4,25433.85,25395.85,25395.85,25408.52,25490.4,-1,25540.77,-1,25441.74,25446.87,44.16,49.62
2024-09-19 13:15:00+05:30,25396.35,25426.55,25386.15,25411.4,25408.03,25480.4,-1,25529.77,-1,25435.0,25443.34,46.34,49.18
2024-09-19 13:30:00+05:30,25411.8,25419.7,25384.5,25404.55,25402.92,25474.03,-1,25521.98,-1,25428.59,25439.67,45.5,48.69
2024-09-19 13:45:00+05:30,25404.3,25411.7,25376.05,25403.05,25396.93,25463.96,-1,25510.68,-1,25422.25,25435.78,45.3,48.24
2024-09-19 14:00:00+05:30,25405.95,25416.35,25392.35,25403.1,25403.93,25463.96,-1,25510.68,-1,25418.59,25432.89,45.31,47.85
2024-09-19 14:15:00+05:30,25400.5,25417.15,25394.05,25413.95,25408.38,25463.96,-1,25510.68,-1,25416.55,25430.66,47.2,47.76
2024-09-19 14:30:00+05:30,25413.85,25424.25,25394.75,25404.8,25407.93,25463.96,-1,25510.68,-1,25414.82,25428.59,45.76,47.49
2024-09-19 14:45:00+05:30,25403.25,25421.5,25388.6,25418.1,25409.4,25463.96,-1,25505.6,-1,25413.74,25426.85,48.23,47.59
2024-09-19 15:00:00+05:30,25418.45,25427.55,25392.6,25426.25,25415.47,25463.96,-1,25505.6,-1,25414.09,25425.81,49.73,47.88
2024-09-19 15:15:00+05:30,25424.55,25453.7,25406.85,25445.0,25435.18,25463.96,-1,25505.6,-1,25418.3,25426.66,53.11,48.58
2024-09-20 09:15:00+05:30,25525.95,25547.85,25453.3,25488.3,25496.48,25430.6,1,25505.6,-1,25433.94,25433.01,59.83,50.08
2024-09-20 09:30:00+05:30,25488.9,25501.3,25426.6,25459.8,25462.57,25430.6,1,25505.6,-1,25439.67,25435.7,54.31,50.64
2024-09-20 09:45:00+05:30,25459.9,25599.25,25452.8,25585.15,25545.73,25437.29,1,25378.13,1,25460.88,25445.7,68.2,52.98
2024-09-20 10:00:00+05:30,25586.7,25610.1,25551.0,25553.55,25571.55,25491.82,1,25432.67,1,25483.01,25457.14,63.0,54.32
2024-09-20 10:15:00+05:30,25554.25,25596.95,25541.65,25582.2,25573.6,25491.82,1,25432.67,1,25501.13,25467.73,65.56,55.82
2024-09-20 10:30:00+05:30,25583.05,25686.9,25579.1,25677.65,25647.88,25537.5,1,25473.83,1,25530.48,25484.11,72.42,58.03
2024-09-20 10:45:00+05:30,25677.6,25692.7,25652.25,25669.05,25671.33,25580.45,1,25519.11,1,25558.65,25501.13,71.05,59.77
2024-09-20 11:00:00+05:30,25667.8,25716.65,25629.95,25702.25,25682.95,25580.45,1,25519.11,1,25583.51,25517.66,73.16,61.55
2024-09-20 11:15:00+05:30,25702.2,25725.6,25685.75,25694.7,25702.02,25613.46,1,25551.98,1,25607.21,25534.42,71.87,62.93
2024-09-20 11:30:00+05:30,25694.75,25714.0,25666.2,25689.15,25689.78,25613.46,1,25551.98,1,25623.73,25548.54,70.89,63.99
2024-09-20 11:45:00+05:30,25689.2,25724.85,25682.2,25700.55,25702.53,25615.98,1,25557.61,1,25639.49,25562.54,71.75,65.02
2024-09-20 12:00:00+05:30,25700.55,25726.65,25697.2,25710.1,25711.32,25628.71,1,25573.24,1,25653.85,25576.06,72.48,66.02
2024-09-20 12:15:00+05:30,25710.4,25714.25,25693.45,25706.7,25704.8,25628.71,1,25573.83,1,25664.04,25587.77,71.77,66.79
2024-09-20 12:30:00+05:30,25706.45,25728.35,25687.8,25723.7,25713.28,25631.78,1,25580.92,1,25673.89,25599.18,73.18,67.64
2024-09-20 12:45:00+05:30,25723.05,25804.85,25717.15,25768.45,25763.48,25679.18,1,25624.64,1,25691.81,25614.11,76.53,68.82
2024-09-20 13:00:00+05:30,25768.9,25794.0,25759.5,25786.05,25779.85,25697.94,1,25645.4,1,25709.42,25629.18,77.7,70.01
2024-09-20 13:15:00+05:30,25784.75,25806.95,25775.65,25782.2,25788.27,25715.68,1,25665.26,1,25725.19,25643.64,76.8,70.91
2024-09-20 13:30:00+05:30,25783.35,25786.3,25487.35,25551.85,25608.5,25749.73,-1,25825.0,-1,25701.85,25640.45,43.82,67.3
2024-09-20 13:45:00+05:30,25548.5,25732.45,25545.0,25665.75,25647.73,25749.73,-1,25825.0,-1,25691.03,25641.11,54.28,65.56
2024-09-20 14:00:00+05:30,25662.35,25703.1,25620.35,25674.9,25666.12,25749.73,-1,25825.0,-1,25686.04,25643.38,55.0,64.16
2024-09-20 14:15:00+05:30,25676.3,25724.9,25593.75,25647.95,25655.53,25749.73,-1,25825.0,-1,25679.94,25644.49,52.37,62.58
2024-09-20 14:30:00+05:30,25650.35,25702.35,25640.5,25644.85,25662.57,25749.73,-1,25825.0,-1,25676.47,25646.13,52.06,61.18
2024-09-20 14:45:00+05:30,25646.3,25801.0,25646.2,25702.5,25716.57,25749.73,-1,25825.0,-1,25684.49,25652.54,57.12,60.64
2024-09-20 15:00:00+05:30,25703.95,25803.5,25703.75,25792.85,25766.7,25610.79,1,25825.0,-1,25700.93,25662.91,63.6,61.03
2024-09-20 15:15:00+05:30,25793.65,25849.25,25783.0,25820.35,25817.53,25677.64,1,25825.0,-1,25724.25,25676.97,65.32,61.61
2024-09-23 09:15:00+05:30,25872.55,25910.35,25849.5,25892.0,25883.95,25741.78,1,25649.69,1,25756.19,25695.79,69.38,62.64
2024-09-23 09:30:00+05:30,25892.75,25911.7,25879.9,25891.8,25894.47,25766.7,1,25680.64,1,25783.85,25713.85,69.36,63.54
2024-09-23 09:45:00+05:30,25891.05,25925.8,25891.05,25904.15,25907.0,25787.03,1,25706.09,1,25808.48,25731.41,70.06,64.41
2024-09-23 10:00:00+05:30,25904.4,25916.7,25895.5,25897.05,25903.08,25793.66,1,25718.7,1,25827.4,25747.01,69.08,65.03
2024-09-23 10:15:00+05:30,25897.4,25901.65,25881.15,25891.85,25891.55,25793.66,1,25718.7,1,25840.23,25760.15,68.33,65.47
2024-09-23 10:30:00+05:30,25892.5,25893.4,25859.65,25874.45,25875.83,25793.66,1,25718.7,1,25847.35,25770.67,65.75,65.51
2024-09-23 10:45:00+05:30,25874.5,25891.55,25868.05,25884.55,25881.38,25793.66,1,25725.57,1,25854.15,25780.73,66.54,65.65
2024-09-23 11:00:00+05:30,25885.35,25892.65,25879.25,25881.45,25884.45,25800.65,1,25743.79,1,25860.21,25790.16,66.04,65.7
2024-09-23 11:15:00+05:30,25882.1,25886.15,25866.25,25868.45,25873.62,25800.65,1,25743.79,1,25862.9,25797.75,63.86,65.45
2024-09-23 11:30:00+05:30,25868.7,25870.55,25854.2,25863.85,25862.87,25800.65,1,25743.79,1,25862.89,25803.67,63.06,65.13
2024-09-23 11:45:00+05:30,25863.7,25879.95,25847.35,25879.95,25869.08,25800.65,1,25744.16,1,25864.13,25809.62,64.72,65.08
2024-09-23 12:00:00+05:30,25878.5,25880.25,25866.65,25867.25,25871.38,25806.88,1,25762.51,1,25865.58,25815.23,62.35,64.71
2024-09-23 12:15:00+05:30,25866.8,25875.15,25862.8,25866.8,25868.25,25807.21,1,25766.04,1,25866.11,25820.05,62.26,64.39
2024-09-23 12:30:00+05:30,25866.55,25875.1,25857.1,25870.8,25867.67,25807.81,1,25768.96,1,25866.42,25824.38,62.76,64.17
2024-09-23 12:45:00+05:30,25870.7,25874.45,25861.6,25872.55,25869.53,25813.64,1,25777.38,1,25867.05,25828.48,62.99,64.01
2024-09-23 13:00:00+05:30,25873.1,25895.7,25871.15,25883.6,25883.48,25830.8,1,25795.71,1,25870.33,25833.48,64.48,64.08
2024-09-23 13:15:00+05:30,25884.1,25898.85,25880.1,25893.95,25890.97,25839.3,1,25805.84,1,25874.46,25838.71,65.86,64.31
2024-09-23 13:30:00+05:30,25893.05,25907.45,25893.05,25905.15,25901.88,25852.93,1,25821.38,1,25879.94,25844.45,67.35,64.72
2024-09-23 13:45:00+05:30,25905.05,25913.6,25902.2,25906.05,25907.28,25863.6,1,25834.07,1,25885.41,25850.16,67.47,65.09
2024-09-23 14:00:00+05:30,25906.75,25911.6,25897.35,25907.2,25905.38,25863.6,1,25834.46,1,25889.4,25855.18,67.64,65.43
2024-09-23 14:15:00+05:30,25906.9,25934.85,25906.1,25929.6,25923.52,25878.36,1,25850.28,1,25896.23,25861.4,70.79,66.14
2024-09-23 14:30:00+05:30,25927.8,25936.8,25914.9,25928.35,25926.68,25884.66,1,25857.2,1,25902.32,25867.33,70.37,66.7
2024-09-23 14:45:00+05:30,25929.8,25945.9,25920.9,25924.1,25930.3,25892.58,1,25865.36,1,25907.91,25873.06,68.91,67.0
2024-09-23 15:00:00+05:30,25925.1,25956.0,25919.9,25938.75,25938.22,25895.8,1,25867.69,1,25913.98,25878.98,71.14,67.55
2024-09-23 15:15:00+05:30,25940.85,25947.1,25923.35,25930.15,25933.53,25895.8,1,25867.69,1,25917.89,25883.94,68.05,67.62
2024-09-24 09:15:00+05:30,25921.45,25938.05,25886.85,25932.4,25919.1,25895.8,1,25867.69,1,25918.13,25887.14,68.44,67.73
2024-09-24 09:30:00+05:30,25932.9,25959.05,25918.8,25955.6,25944.48,25895.8,1,25867.69,1,25923.4,25892.35,72.17,68.32
2024-09-24 09:45:00+05:30,25954.95,25975.55,25950.45,25963.65,25963.22,25917.33,1,25886.88,1,25931.36,25898.79,73.35,68.99
2024-09-24 10:00:00+05:30,25963.2,25978.9,25947.95,25956.15,25961.0,25917.68,1,25887.18,1,25937.29,25904.45,70.36,69.17
2024-09-24 10:15:00+05:30,25956.3,25981.5,25955.5,25969.25,25968.75,25923.43,1,25893.38,1,25943.58,25910.29,72.47,69.61
2024-09-24 10:30:00+05:30,25969.05,25977.95,25947.0,25951.3,25958.75,25923.43,1,25893.38,1,25946.62,25914.7,65.58,69.07
2024-09-24 10:45:00+05:30,25951.55,25961.5,25937.55,25960.45,25953.17,25923.43,1,25893.38,1,25947.93,25918.2,67.29,68.84
2024-09-24 11:00:00+05:30,25960.75,25961.85,25945.45,25948.95,25952.08,25923.43,1,25893.38,1,25948.76,25921.28,63.06,68.07
2024-09-24 11:15:00+05:30,25948.5,25948.85,25920.35,25930.35,25933.18,25923.43,1,25893.38,1,25945.64,25922.36,56.83,66.57
2024-09-24 11:30:00+05:30,25931.55,25934.35,25918.5,25922.4,25925.08,25966.94,-1,25893.38,1,25941.53,25922.61,54.36,64.94
2024-09-24 11:45:00+05:30,25922.85,25931.75,25905.75,25911.65,25916.38,25959.11,-1,25893.38,1,25936.5,25922.04,51.12,63.1
2024-09-24 12:00:00+05:30,25911.4,25927.7,25911.0,25921.55,25920.08,25958.18,-1,25893.38,1,25933.22,25921.86,53.85,61.86
2024-09-24 12:15:00+05:30,25921.4,25946.0,25920.1,25939.15,25935.08,25958.18,-1,25893.38,1,25933.59,25923.06,58.3,61.39
2024-09-24 12:30:00+05:30,25938.9,25951.95,25935.4,25947.4,25944.92,25958.18,-1,25893.38,1,25935.85,25925.05,60.24,61.24
2024-09-24 12:45:00+05:30,25947.65,25963.75,25946.3,25957.45,25955.83,25958.18,-1,25894.52,1,25939.85,25927.85,62.52,61.41
2024-09-24 13:00:00+05:30,25957.8,25966.75,25952.8,25964.35,25961.3,25925.01,1,25901.83,1,25944.14,25930.89,64.04,61.76
2024-09-24 13:15:00+05:30,25964.6,25968.95,25957.55,25959.65,25962.05,25930.25,1,25908.25,1,25947.72,25933.72,62.19,61.82
2024-09-24 13:30:00+05:30,25959.45,25972.0,25951.1,25967.75,25963.62,25930.25,1,25908.25,1,25950.9,25936.44,64.12,62.12
2024-09-24 13:45:00+05:30,25967.4,25984.25,25960.6,25964.95,25969.93,25939.33,1,25917.26,1,25954.71,25939.48,62.92,62.23
2024-09-24 14:00:00+05:30,25964.2,25982.9,25962.05,25973.4,25972.78,25939.56,1,25917.61,1,25958.32,25942.51,65.04,62.6
2024-09-24 14:15:00+05:30,25973.3,25993.4,25960.5,25973.35,25975.75,25942.39,1,25919.35,1,25961.81,25945.53,65.02,62.93
2024-09-24 14:30:00+05:30,25974.1,25987.8,25969.9,25979.1,25978.93,25945.06,1,25922.53,1,25965.23,25948.57,66.53,63.41
2024-09-24 14:45:00+05:30,25979.7,26011.55,25948.3,25950.5,25970.12,25945.06,1,25922.53,1,25966.21,25950.53,54.03,62.16
2024-09-24 15:00:00+05:30,25950.25,25958.0,25918.65,25944.15,25940.27,25980.14,-1,25922.53,1,25961.02,25949.6,51.71,60.76
2024-09-24 15:15:00+05:30,25943.8,25959.15,25939.8,25951.9,25950.28,25980.14,-1,25922.53,1,25958.87,25949.66,54.29,59.9
2024-09-25 09:15:00+05:30,25899.45,25951.75,25891.7,25939.15,25927.53,25967.23,-1,25922.53,1,25952.6,25947.65,49.6,58.53
2024-09-25 09:30:00+05:30,25939.2,25945.95,25922.05,25939.5,25935.83,25967.23,-1,25922.53,1,25949.25,25946.57,49.73,57.35
2024-09-25 09:45:00+05:30,25939.35,25954.15,25929.6,25943.6,25942.45,25967.23,-1,25922.53,1,25947.89,25946.2,51.29,56.55
2024-09-25 10:00:00+05:30,25943.75,25950.65,25904.15,25911.25,25922.02,25967.23,-1,26004.68,-1,25942.72,25944.0,40.55,54.41
2024-09-25 10:15:00+05:30,25911.2,25926.6,25900.9,25909.1,25912.2,25959.34,-1,25989.73,-1,25936.61,25941.11,39.95,52.48
2024-09-25 10:30:00+05:30,25909.1,25927.05,25907.25,25918.45,25917.58,25959.34,-1,25989.73,-1,25932.81,25938.97,43.84,51.33
2024-09-25 10:45:00+05:30,25918.6,25924.05,25910.6,25914.7,25916.45,25958.94,-1,25986.69,-1,25929.53,25936.92,42.64,50.17
2024-09-25 11:00:00+05:30,25915.1,25928.05,25910.6,25914.95,25917.87,25958.94,-1,25986.11,-1,25927.2,25935.19,42.76,49.18
2024-09-25 11:15:00+05:30,25915.0,25930.9,25912.25,25925.2,25922.78,25958.94,-1,25986.11,-1,25926.32,25934.06,47.29,48.93
2024-09-25 11:30:00+05:30,25925.7,25930.55,25901.75,25902.6,25911.63,25955.45,-1,25981.64,-1,25923.38,25932.02,39.8,47.71
2024-09-25 11:45:00+05:30,25903.6,25903.6,25871.35,25880.25,25885.07,25927.68,-1,25954.48,-1,25915.72,25927.75,34.06,45.89
2024-09-25 12:00:00+05:30,25880.75,25898.8,25875.8,25880.15,25884.92,25926.93,-1,25953.36,-1,25909.56,25923.86,34.04,44.31
2024-09-25 12:15:00+05:30,25879.2,25890.95,25875.35,25888.1,25884.8,25921.16,-1,25946.5,-1,25904.61,25920.31,37.74,43.44
2024-09-25 12:30:00+05:30,25888.65,25896.2,25882.75,25883.9,25887.62,25921.16,-1,25946.5,-1,25901.21,25917.34,36.57,42.52
2024-09-25 12:45:00+05:30,25884.8,25899.45,25881.95,25892.8,25891.4,25921.16,-1,25946.5,-1,25899.25,25914.98,40.76,42.29
2024-09-25 13:00:00+05:30,25893.35,25899.95,25882.95,25884.6,25889.17,25921.16,-1,25946.5,-1,25897.23,25912.63,38.25,41.75
2024-09-25 13:15:00+05:30,25884.5,25919.95,25884.4,25915.3,25906.55,25921.16,-1,25946.5,-1,25899.1,25912.08,50.51,42.92
2024-09-25 13:30:00+05:30,25915.85,25916.5,25898.65,25907.7,25907.62,25921.16,-1,25946.5,-1,25900.8,25911.67,47.97,43.59
2024-09-25 13:45:00+05:30,25907.3,25929.3,25906.25,25920.95,25918.83,25921.16,-1,25946.5,-1,25904.41,25912.33,52.46,44.77
2024-09-25 14:00:00+05:30,25921.3,25950.45,25920.85,25945.45,25938.92,25899.57,1,25946.5,-1,25911.31,25914.74,59.43,46.73
2024-09-25 14:15:00+05:30,25946.0,25949.0,25926.15,25935.45,25936.87,25901.67,1,25946.5,-1,25916.42,25916.75,55.83,47.94
2024-09-25 14:30:00+05:30,25935.2,25949.65,25927.95,25937.8,25938.47,25903.23,1,25946.5,-1,25920.83,25918.73,56.5,49.08
2024-09-25 14:45:00+05:30,25937.6,25945.05,25923.0,25928.7,25932.25,25903.23,1,25946.5,-1,25923.11,25919.96,53.15,49.62
2024-09-25 15:00:00+05:30,25929.95,26028.95,25929.1,26017.55,25991.87,25932.2,1,25900.99,1,25936.87,25926.5,71.12,52.49
2024-09-25 15:15:00+05:30,26017.3,26032.8,26008.05,26013.5,26018.12,25974.57,1,25944.0,1,25953.12,25934.82,69.81,54.8
